date,new_england,connecticut,maine,massachusetts,new_hampshire,rhode_island,vermont,middle_atlantic,new_jersey,new_york,pennsylvania,east_north_central,illinois,indiana,michigan,ohio,wisconsin,west_north_central,iowa,kansas,minnesota,missouri,nebraska,north_dakota,south_dakota,south_atlantic,delaware,district_of_columbia,florida,georgia,maryland,north_carolina,south_carolina,virginia,west_virginia,east_south_central,alabama,kentucky,mississippi,tennessee,west_south_central,arkansas,louisiana,oklahoma,texas,mountain,arizona,colorado,idaho,montana,nevada,new_mexico,utah,wyoming,pacific_contiguous,california,oregon,washington,pacific_noncontiguous,alaska,hawaii
Jan 2001,678,75,348,113,91,10,42,371,66,154,151,402,59,9,195,42,97,234,53,--,178,1,2,1,0,1056,--,--,335,261,27,157,115,161,1,591,401,1,115,75,558,137,226,20,176,209,0,9,43,5,109,2,14,26,1883,1717,51,114,42,0,42
Feb 2001,599,77,293,103,83,9,35,338,59,141,138,348,48,9,169,34,87,196,41,--,152,1,2,1,0,913,--,--,298,256,27,132,64,134,2,482,332,1,91,59,572,126,203,19,223,184,0,8,39,6,94,1,13,23,1642,1505,40,97,36,0,36
Mar 2001,660,96,327,101,93,9,33,381,73,156,153,387,54,9,193,40,91,205,45,--,157,1,2,1,0,926,--,--,310,256,30,132,64,132,2,489,355,1,79,54,526,119,222,17,169,207,1,8,49,6,106,2,14,22,1984,1788,87,109,30,0,30
Apr 2001,593,92,277,106,81,9,27,361,66,141,154,372,50,8,196,36,82,244,62,--,179,1,2,1,0,969,--,--,321,258,29,161,74,123,3,498,347,1,85,65,577,136,234,15,192,186,1,8,46,6,98,2,13,13,1982,1797,75,110,44,0,43
May 2001,640,72,336,109,86,9,27,392,73,159,161,367,56,7,197,33,74,230,57,--,169,1,2,1,0,960,--,--,324,248,31,131,80,142,2,468,306,1,89,72,479,69,200,20,190,172,5,8,43,6,92,1,0,16,1982,1832,62,88,48,0,48
Jun 2001,633,71,324,113,88,9,29,380,72,154,154,365,60,10,180,33,82,204,44,--,157,1,1,1,0,951,--,--,320,250,36,116,76,150,2,567,352,1,140,73,456,88,197,12,158,199,4,7,48,6,94,1,15,23,2162,1983,69,109,49,0,49
Jul 2001,632,72,323,111,90,8,28,400,76,153,171,417,64,11,217,33,90,171,30,--,138,1,1,1,0,994,--,--,321,259,34,152,70,156,1,593,371,1,150,71,536,98,246,27,165,209,6,7,52,6,96,2,16,23,2248,2064,73,111,46,0,45
Aug 2001,684,72,365,113,85,8,41,407,74,159,174,430,63,13,223,36,95,178,34,--,142,1,1,1,0,985,--,--,315,250,34,154,75,156,1,584,372,1,138,73,551,158,237,22,134,214,6,9,54,6,98,2,16,23,2218,2041,77,101,43,0,43
Sep 2001,635,69,339,103,81,8,35,374,70,147,157,384,56,11,190,37,90,183,36,--,145,0,1,1,0,880,--,--,276,221,34,143,69,137,0,510,315,1,125,70,548,136,242,17,153,202,5,7,49,5,97,2,14,23,2018,1843,71,104,36,0,36
Oct 2001,551,69,250,116,80,8,29,371,70,138,164,420,55,8,220,33,103,239,63,--,173,1,2,1,0,1003,--,--,323,269,30,166,70,144,0,570,342,1,156,72,663,161,263,23,215,235,4,10,37,4,104,2,16,58,1952,1759,80,112,46,0,46
Nov 2001,604,70,299,114,82,8,30,377,72,145,160,402,55,11,207,36,94,254,60,--,192,1,2,1,0,946,--,--,306,243,30,150,65,151,0,538,333,1,132,72,551,142,216,21,172,237,4,10,37,5,103,2,15,62,1764,1611,72,82,39,0,39
Dec 2001,650,73,344,112,85,9,27,388,73,154,161,394,57,9,175,37,117,307,68,40,196,0,2,1,0,992,--,--,340,232,31,156,72,160,0,563,362,1,133,68,611,143,217,19,232,240,3,21,36,5,108,2,11,54,1854,1690,81,83,40,0,40
Jan 2002,646,67,362,109,76,9,22,359,69,138,152,366,53,8,199,12,94,337,91,46,197,1,2,0,0,1157,--,--,344,348,41,171,110,143,0,599,394,31,108,65,797,172,244,15,366,232,6,19,35,6,103,1,20,42,2069,1812,92,165,36,1,35
Feb 2002,574,59,309,93,76,8,29,344,67,125,152,282,45,8,137,10,82,347,110,47,187,1,2,0,1,1006,--,--,297,238,68,158,106,140,0,528,342,30,101,54,650,137,217,20,276,204,5,17,28,5,91,1,18,38,1829,1627,73,129,35,1,34
Mar 2002,657,73,346,110,83,8,37,378,68,140,169,379,62,9,205,13,90,284,87,47,148,1,2,0,0,1012,--,--,335,258,40,150,77,153,0,500,310,35,81,73,698,128,214,20,336,218,6,14,41,5,97,1,19,35,2195,1934,101,159,34,1,33
Apr 2002,575,67,300,100,85,8,16,364,62,141,162,355,60,10,188,13,84,326,105,47,171,1,2,0,1,1420,--,--,261,688,40,169,85,176,0,461,304,32,72,52,692,142,211,15,325,215,4,15,42,5,91,1,16,40,2116,1895,83,138,19,1,18
May 2002,621,71,335,110,68,8,28,419,72,134,213,334,62,8,174,12,77,297,94,46,154,1,2,0,1,1380,--,--,339,597,40,140,118,146,0,457,301,22,72,63,727,106,238,11,372,210,4,14,38,5,93,2,19,34,2280,2077,75,128,35,1,34
Jun 2002,611,70,339,106,67,8,22,408,73,161,175,328,67,10,173,12,67,266,83,43,137,1,2,0,0,1527,--,--,361,698,44,136,114,173,1,486,320,35,71,60,763,113,240,22,388,196,4,12,46,6,80,1,17,30,2442,2234,77,131,38,1,38
Jul 2002,646,73,358,109,68,8,30,428,76,168,184,382,77,12,198,17,77,187,55,30,99,1,2,0,0,1430,--,--,350,577,49,135,122,197,0,542,357,37,84,64,732,128,252,25,327,241,4,10,56,5,118,1,18,30,2427,2205,95,128,41,1,41
Aug 2002,644,71,348,109,68,8,39,418,75,162,180,386,79,12,202,12,81,222,56,33,129,1,2,0,0,1408,--,--,291,630,44,137,117,187,1,527,338,32,91,66,779,121,246,21,391,201,4,12,43,6,88,1,14,34,2420,2190,97,134,39,1,38
Sep 2002,633,66,349,111,61,8,38,396,71,156,169,377,69,11,197,14,85,233,61,34,135,1,1,0,0,1330,--,--,303,554,44,141,112,175,1,479,309,31,67,72,698,133,252,21,293,206,4,12,45,4,86,1,21,34,2194,1955,92,147,38,1,36
Oct 2002,604,66,328,110,55,8,37,383,72,155,157,356,50,7,194,13,91,244,80,30,131,1,1,0,0,1393,--,--,295,645,37,142,95,177,1,435,240,33,75,87,714,142,242,24,307,223,4,12,48,6,91,1,21,39,2183,1942,94,147,24,1,23
Nov 2002,596,68,318,102,71,9,29,391,69,150,173,341,49,9,186,10,86,269,90,32,143,1,2,0,1,1328,--,--,270,568,34,156,98,200,2,399,240,33,54,72,682,136,242,21,282,223,5,15,40,6,90,3,20,45,2002,1759,89,155,18,1,17
Dec 2002,661,71,351,104,87,9,39,427,74,178,176,342,51,11,166,12,102,294,104,31,156,1,2,0,0,1370,--,--,293,581,42,149,91,205,9,436,290,14,59,72,678,129,214,24,312,242,4,17,44,6,98,5,21,46,2022,1777,81,165,25,1,24
Jan 2003,598,62,313,101,69,9,44,389,79,144,166,463,78,12,224,38,111,313,97,29,176,1,9,1,0,1224,--,--,394,278,45,151,118,222,16,516,322,34,92,68,699,168,239,24,269,232,2,19,44,6,98,0,18,45,2043,1788,91,164,22,1,21
Feb 2003,534,60,279,88,63,8,36,341,69,126,147,424,69,11,203,34,107,306,101,23,173,1,8,1,0,1090,--,--,323,243,37,187,107,177,15,436,285,20,74,58,664,147,210,17,291,201,2,13,42,6,89,0,16,33,1942,1704,90,147,23,0,23
Mar 2003,578,67,296,102,69,9,35,375,74,134,167,446,69,11,218,35,113,361,115,40,198,1,7,1,1,1177,--,--,382,255,49,171,106,197,17,470,310,1,84,75,726,152,228,26,320,237,3,20,45,6,97,0,18,48,2312,1983,132,197,36,1,35
Apr 2003,511,67,258,107,51,8,21,370,72,136,162,410,64,8,202,36,100,336,107,40,181,1,7,1,1,1246,--,--,415,290,56,175,102,192,18,450,305,10,68,67,816,156,243,23,394,207,5,16,44,6,96,0,17,23,2280,1994,73,213,47,0,47
May 2003,567,67,295,107,55,9,35,398,76,149,173,394,67,8,184,37,98,301,87,31,175,1,7,1,1,1158,--,--,369,269,52,159,119,176,14,444,271,22,80,71,740,131,261,24,325,195,5,14,42,6,86,0,18,24,2222,1971,83,168,52,0,52
Jun 2003,564,64,286,104,68,8,33,375,77,138,159,382,62,8,195,29,88,238,59,23,146,1,7,0,0,1125,--,--,370,261,47,140,107,189,10,474,291,30,87,67,783,144,268,23,348,191,5,12,48,6,84,0,17,19,2496,2239,70,187,51,0,50
Jul 2003,615,70,317,100,75,9,43,419,83,158,177,440,66,9,225,36,104,261,60,31,160,1,9,0,0,1257,--,--,402,285,57,174,115,212,11,526,325,30,97,73,813,164,271,19,359,184,4,11,51,6,84,0,17,12,2441,2167,77,197,53,0,53
Aug 2003,648,65,359,105,74,9,37,408,80,152,176,454,74,10,227,41,103,231,44,27,149,1,9,1,0,1150,--,--,382,243,56,158,118,189,5,512,321,30,88,73,765,156,273,23,312,188,4,11,49,6,87,0,17,14,2383,2121,76,186,51,0,51
Sep 2003,604,66,328,101,71,8,29,405,73,140,191,412,70,9,198,39,95,292,77,30,176,1,8,1,0,1074,--,--,358,238,50,159,106,150,12,487,310,28,83,67,759,149,266,21,324,216,4,12,28,4,87,43,16,22,2239,1999,89,151,50,0,49
Oct 2003,555,66,272,109,71,9,29,397,68,151,178,425,65,10,212,40,97,344,108,26,178,1,8,13,10,1092,--,--,337,251,48,171,95,174,16,503,300,32,98,72,731,156,270,19,286,224,5,15,43,6,68,38,14,35,2228,1949,104,175,49,0,49
Nov 2003,580,65,299,115,65,9,27,411,70,151,190,414,67,10,197,36,104,382,108,29,202,1,8,20,14,1101,--,--,344,255,51,165,94,173,19,507,320,32,86,69,772,153,263,25,331,278,4,16,44,7,95,51,18,44,2035,1733,118,184,52,1,51
Dec 2003,573,66,284,115,65,9,34,451,85,155,211,437,68,11,214,39,105,425,133,37,208,1,9,21,16,1255,--,--,397,305,46,166,109,211,21,500,314,29,86,71,942,168,288,78,408,301,2,19,61,6,96,51,18,48,2135,1897,79,159,47,1,47
Jan 2004,573,55,283,98,76,8,52,412,62,154,196,403,62,11,204,37,89,314,112,23,142,1,6,17,13,1273,--,--,399,293,50,158,153,196,24,582,324,38,146,73,841,165,257,69,350,330,3,17,48,5,115,49,17,77,2112,1808,94,210,48,1,47
Feb 2004,574,57,307,95,75,7,32,388,61,146,181,401,63,11,199,37,90,344,128,31,142,1,6,21,15,1127,--,--,338,256,43,141,141,191,17,513,308,36,103,66,780,144,230,67,339,287,4,17,46,5,108,46,16,46,2028,1768,72,188,46,1,45
Mar 2004,608,64,324,104,78,9,30,444,67,180,196,411,70,11,200,36,94,382,129,37,170,1,6,23,16,1174,--,--,355,284,50,134,134,199,18,495,304,37,90,64,877,154,257,72,394,310,4,20,39,5,114,49,16,63,2263,1932,122,208,36,1,35
Apr 2004,517,67,258,105,64,8,15,399,66,147,185,409,71,11,208,34,85,331,110,34,148,1,6,18,13,1227,--,--,391,299,49,154,153,165,17,569,327,30,137,74,874,155,255,73,390,303,4,15,48,5,107,56,17,50,2218,1949,84,184,49,1,49
May 2004,597,67,294,106,74,9,47,408,72,149,188,382,72,11,179,32,88,360,118,43,156,1,6,20,15,1261,--,--,401,260,51,173,169,196,12,524,315,27,107,75,928,134,207,100,486,315,4,16,50,5,106,54,17,63,2519,2249,102,168,45,1,45
Jun 2004,540,65,274,102,72,9,18,391,70,155,166,383,67,11,190,36,79,259,65,26,138,1,6,14,9,1207,--,--,390,268,51,141,146,203,8,532,315,32,122,63,850,150,256,61,383,263,4,12,46,5,103,39,17,37,2626,2371,92,163,48,1,47
Jul 2004,567,64,289,98,75,9,33,428,70,168,190,465,67,11,236,37,114,215,46,23,117,1,6,12,9,1290,--,--,400,290,58,155,151,227,9,589,333,33,154,69,794,160,256,63,316,253,4,10,50,5,108,28,17,31,2616,2337,91,188,50,1,49
Aug 2004,614,64,323,104,76,9,39,421,70,162,189,447,67,11,237,38,94,252,61,23,135,1,6,14,11,1201,--,--,391,254,54,133,148,218,4,572,333,33,134,72,718,153,247,60,258,259,4,11,51,5,108,31,18,33,2491,2205,102,184,49,1,49
Sep 2004,584,64,307,101,74,9,30,400,65,155,181,437,67,11,230,36,93,324,95,34,156,1,6,18,14,1101,--,--,314,265,50,118,142,202,9,516,289,33,129,65,763,140,258,63,302,266,4,14,39,5,107,40,13,44,2259,1978,90,190,47,1,46
Oct 2004,570,67,277,103,74,9,40,418,65,164,188,445,71,11,229,40,94,312,90,28,149,1,6,22,15,1171,--,--,354,252,47,151,155,202,11,559,307,37,145,69,789,164,261,62,302,290,5,30,50,5,108,23,18,51,2255,1941,109,206,42,1,41
Nov 2004,576,63,301,105,74,8,25,433,70,164,199,433,71,11,223,36,92,314,85,26,163,1,6,21,13,1107,--,--,367,219,40,138,115,213,15,547,312,36,125,74,765,149,227,66,324,296,4,32,44,5,101,46,17,46,1972,1709,65,199,49,1,48
Dec 2004,654,61,360,109,74,9,42,451,67,168,215,442,75,11,224,30,101,369,116,30,180,1,6,20,15,1235,--,--,403,253,46,136,155,222,19,537,311,39,122,66,866,142,257,64,403,380,4,63,51,5,113,52,16,76,2039,1723,93,223,50,1,49
Jan 2005,611,57,344,95,78,0,38,419,69,159,191,394,57,5,206,28,98,328,91,18,187,1,3,16,12,1252,--,--,397,266,49,163,166,198,14,583,328,40,146,69,863,148,260,57,399,417,5,109,47,6,106,63,13,68,2088,1795,112,181,48,0,48
Feb 2005,564,49,310,96,73,0,37,385,61,142,182,373,52,5,191,34,91,363,120,19,192,1,5,16,10,1122,--,--,333,257,41,136,149,190,15,503,304,35,99,63,715,130,235,60,291,343,5,88,44,6,94,46,12,48,1808,1546,102,161,44,0,44
Mar 2005,643,57,354,106,80,0,46,444,69,168,207,415,61,5,205,40,103,464,165,33,227,1,7,20,13,1213,--,--,359,282,48,139,147,221,17,523,313,40,103,66,914,147,239,75,453,432,7,101,38,6,107,82,17,74,2270,1927,145,198,50,0,49
Apr 2005,526,65,278,100,69,0,15,411,67,152,192,399,62,5,196,39,96,477,166,36,225,1,6,25,17,1188,--,--,332,290,51,152,157,189,17,496,278,26,132,60,1035,145,247,123,521,367,6,51,48,5,103,80,16,57,2268,1981,120,167,35,0,34
May 2005,618,68,327,110,79,0,34,442,79,166,197,404,65,6,208,30,95,512,184,30,253,1,7,22,16,1174,--,--,371,254,49,128,154,208,11,546,315,34,129,68,958,137,242,100,478,352,7,47,46,6,105,70,17,53,2494,2229,128,137,44,0,43
Jun 2005,613,66,326,107,77,0,38,428,78,165,185,415,61,6,206,38,104,420,133,35,215,1,6,17,13,1185,--,--,360,266,55,151,152,193,9,533,311,33,127,62,1051,141,241,118,550,353,7,61,34,6,105,72,16,52,2589,2288,134,167,49,0,49
Jul 2005,661,69,358,108,83,0,43,445,78,172,196,427,61,6,227,40,92,372,100,32,207,1,6,15,12,1307,--,--,394,296,55,170,158,228,5,529,285,34,146,65,876,145,240,91,399,365,7,66,51,7,115,67,17,35,2533,2215,132,185,50,0,50
Aug 2005,684,65,385,108,85,0,42,434,77,168,189,436,60,6,234,40,96,295,76,17,172,1,5,14,10,1260,--,--,385,282,59,150,158,220,7,529,293,35,135,66,820,143,238,79,360,313,6,43,50,7,107,47,17,37,2421,2087,142,191,43,1,43
Sep 2005,647,63,361,105,80,0,38,426,73,171,183,408,59,6,206,37,102,456,158,36,224,1,7,17,14,1208,--,--,362,276,53,157,148,203,8,525,312,35,116,62,870,145,219,102,404,358,6,67,51,6,105,61,17,46,2348,2025,135,188,47,1,47
Oct 2005,585,66,304,109,78,0,28,437,74,170,193,424,61,6,213,42,102,466,163,28,212,1,27,22,13,1147,--,--,314,285,54,158,118,205,12,535,301,33,139,62,939,158,248,98,434,343,6,57,50,6,108,53,13,50,2267,1947,143,176,38,1,38
Nov 2005,620,64,347,105,78,0,26,458,76,178,204,409,67,6,189,41,106,636,235,36,296,1,31,23,14,1193,--,--,349,268,55,148,138,217,18,525,305,38,124,58,894,145,232,105,412,412,6,61,49,6,105,70,16,98,2129,1782,162,185,46,1,46
Dec 2005,670,65,375,108,83,0,38,462,74,177,210,469,119,6,212,35,96,590,173,105,243,1,30,24,15,1247,--,--,373,251,52,155,168,226,22,530,301,40,125,64,1159,150,245,129,634,428,5,60,50,6,103,88,17,98,2153,1831,145,177,49,1,48
Jan 2006,648,58,355,111,62,13,48,507,74,215,217,450,71,20,215,39,106,696,253,88,281,1,32,28,12,1319,0,--,388,293,55,170,168,222,24,616,359,40,142,75,1233,158,250,198,627,568,6,77,59,55,117,135,15,104,2347,1879,180,288,51,1,50
Feb 2006,605,60,328,100,57,12,48,489,70,217,203,405,66,18,196,36,90,608,213,67,258,1,25,32,12,1170,0,--,320,267,45,151,155,208,23,499,294,37,104,64,1031,138,222,154,517,510,6,80,49,56,105,110,16,88,2008,1670,136,201,47,1,47
Mar 2006,636,63,347,109,60,13,45,499,80,205,214,439,77,19,198,36,110,717,265,94,282,1,27,32,16,1238,0,--,373,271,54,149,162,213,16,510,316,42,98,54,1229,143,242,190,654,531,5,90,63,40,117,147,17,51,2352,2005,146,201,49,1,48
Apr 2006,527,64,282,100,46,10,25,480,74,206,200,410,68,15,190,38,99,702,260,97,271,1,28,32,13,1210,0,--,355,285,51,148,169,187,13,529,301,38,124,66,1262,121,249,194,698,523,3,92,49,46,110,142,17,65,2172,1870,128,173,44,1,44
May 2006,561,67,281,112,55,12,35,493,77,204,212,437,68,18,207,35,108,679,252,66,283,3,25,36,14,1192,0,--,357,270,52,137,155,207,13,562,321,38,132,71,1265,131,240,169,724,444,5,65,62,41,103,95,13,59,2349,2021,136,191,55,1,54
Jun 2006,593,66,324,102,52,13,35,462,78,201,182,420,63,18,204,38,96,473,145,69,201,2,20,27,9,1183,0,--,350,263,54,140,161,210,6,556,322,34,133,67,1118,135,251,149,584,425,5,75,44,36,106,103,17,39,2499,2203,138,158,54,0,54
Jul 2006,624,67,336,110,60,13,38,500,80,217,203,440,64,19,206,39,112,462,126,63,213,3,24,24,10,1320,0,--,379,306,58,172,171,227,8,603,350,39,149,66,1123,151,249,149,574,405,5,61,62,34,113,81,18,32,2588,2227,145,216,57,1,57
Aug 2006,663,66,363,110,64,13,46,492,79,209,204,458,62,19,221,39,117,411,107,54,191,3,23,23,11,1280,0,--,388,280,57,156,171,220,7,587,341,40,137,69,983,148,259,116,459,386,5,53,62,33,115,63,18,37,2584,2236,156,191,50,1,50
Sep 2006,609,62,349,102,57,12,26,479,73,212,195,415,63,18,200,36,98,510,153,79,216,2,23,26,11,1199,0,--,372,292,50,142,157,176,10,553,328,28,130,67,1142,141,261,135,605,407,4,58,56,42,105,85,18,38,2353,2025,146,181,54,1,53
Oct 2006,620,64,324,105,71,13,42,528,78,235,215,454,79,19,199,40,117,677,220,105,274,3,28,35,13,1149,0,--,331,284,51,155,119,189,19,575,326,40,139,69,1322,149,239,180,753,519,3,101,62,30,117,109,19,78,2398,2021,178,199,53,1,52
Nov 2006,609,65,317,108,74,13,32,491,78,209,205,452,80,19,209,41,103,635,193,102,265,3,29,31,12,1211,0,--,343,288,50,150,173,196,11,526,298,41,119,68,1440,152,242,189,857,536,3,74,66,54,116,116,18,88,2352,1853,196,303,51,1,50
Dec 2006,661,60,360,110,88,12,29,566,76,268,222,455,86,19,199,41,110,794,269,108,325,3,30,45,14,1276,0,--,374,318,50,158,149,203,23,578,328,42,134,74,1366,155,258,185,767,501,3,70,55,64,119,91,19,80,2248,1904,143,200,59,1,58
Jan 2007,664,65,351,105,89,13,41,538,67,239,232,434,71,16,193,41,113,918,324,97,378,3,36,64,16,1246,4,--,380,256,53,152,176,202,22,579,326,31,138,84,1168,148,245,168,606,527,2,82,49,81,121,96,18,77,2544,2136,159,248,50,1,49
Feb 2007,613,55,330,91,80,11,46,489,62,222,205,392,64,14,185,34,94,687,232,93,289,2,20,40,11,1161,4,--,350,271,42,121,153,200,20,509,292,39,101,78,1357,133,230,187,807,487,3,64,51,53,99,105,18,94,2141,1741,153,247,41,1,40
Mar 2007,662,63,343,108,96,14,38,572,70,270,233,422,73,15,188,36,111,889,296,113,379,3,27,57,14,1205,4,--,361,282,45,124,164,207,17,520,300,42,103,75,1481,146,262,205,868,519,4,86,44,63,110,122,20,71,2456,1991,165,300,51,1,50
Apr 2007,546,59,280,83,85,11,28,517,58,244,215,450,101,18,187,36,108,814,289,105,338,2,23,44,12,1200,3,--,323,295,52,147,154,207,19,567,304,39,133,91,1455,131,234,198,892,489,4,84,52,44,106,138,10,52,2586,2104,167,315,69,1,67
May 2007,644,66,328,104,95,13,38,484,68,212,204,503,122,22,206,34,118,858,299,98,365,2,22,58,15,1152,4,--,319,277,54,134,161,195,9,566,324,42,121,79,1228,140,234,169,684,412,4,52,58,44,92,114,3,44,2706,2242,175,288,69,1,68
Jun 2007,673,63,375,102,85,13,35,486,76,219,192,469,96,22,210,36,105,598,181,63,272,2,22,46,12,1236,4,--,369,276,58,135,177,212,7,568,320,41,130,77,1175,123,245,137,670,411,4,58,58,33,106,96,13,43,2860,2383,180,297,74,1,73
Jul 2007,688,59,377,104,102,13,34,501,76,219,206,467,84,22,211,39,112,500,135,63,228,2,21,41,10,1301,4,--,362,301,59,157,177,234,7,612,350,39,140,83,1035,129,254,113,539,367,4,58,54,29,111,72,16,23,2820,2358,188,274,80,1,79
Aug 2007,720,62,390,105,105,13,44,497,73,226,197,471,85,22,208,37,119,500,137,91,202,3,17,40,9,1277,4,--,368,289,54,137,180,240,5,586,339,38,132,77,1558,139,252,189,979,449,3,58,65,38,115,110,19,40,2769,2264,206,300,67,1,66
Sep 2007,684,61,379,101,92,13,37,501,74,225,202,497,120,20,216,37,104,797,238,101,365,2,19,55,15,1226,4,--,363,286,49,124,176,217,6,537,318,28,116,75,1412,132,258,177,845,531,3,129,55,45,110,121,16,52,2601,2096,191,314,57,1,57
Oct 2007,649,57,332,112,92,13,42,506,73,215,217,563,171,26,217,35,115,834,260,135,347,3,23,52,14,1223,4,--,345,298,52,156,150,205,13,557,300,44,129,84,1800,125,256,235,1184,663,4,204,50,53,110,152,20,70,2484,1964,176,344,82,1,81
Nov 2007,670,60,340,113,100,14,44,518,66,240,211,515,142,18,200,32,123,912,308,103,399,2,25,62,13,1238,4,--,359,279,44,141,171,221,19,559,314,38,119,88,1645,142,249,187,1067,672,3,224,62,46,107,121,19,90,2240,1744,182,314,59,1,58
Dec 2007,706,60,382,112,101,13,37,557,79,244,233,514,155,16,196,38,109,778,207,90,370,2,24,74,10,1305,4,--,403,307,42,143,157,227,22,569,312,45,132,79,1707,136,261,162,1148,755,3,225,54,77,109,163,24,99,2598,1821,286,491,65,1,64
Jan 2008,699,55,392,104,99,13,36,594,73,273,248,705,294,22,221,54,115,1090,343,137,501,14,26,59,11,1281,17,--,370,239,49,185,161,238,22,578,306,47,142,84,1879,137,231,249,1261,780,3,329,63,79,43,177,19,67,2567,1869,267,431,68,0,68
Feb 2008,636,52,338,102,89,12,43,513,67,238,208,632,244,20,197,53,117,900,260,121,429,10,22,50,9,1143,6,--,334,222,38,149,157,220,19,519,269,40,126,84,1836,127,209,192,1308,731,3,306,58,76,39,153,15,81,2390,1760,222,407,47,0,47
Mar 2008,668,61,352,99,92,13,52,574,75,259,239,632,235,19,219,51,108,1012,303,150,445,17,23,65,10,1204,16,--,381,229,51,170,138,194,25,539,293,39,129,78,2290,132,227,230,1701,860,4,312,68,66,143,164,22,82,2860,2072,316,471,64,0,64
Apr 2008,612,64,321,97,87,12,31,554,72,245,237,690,287,24,215,46,117,1321,432,183,544,22,28,99,14,1219,15,--,394,232,55,157,141,205,20,478,262,39,101,75,2311,136,214,252,1709,833,4,307,61,55,157,165,21,63,2890,2092,324,473,63,0,63
May 2008,629,65,317,105,99,13,30,607,79,283,244,705,271,51,222,43,117,1235,358,167,510,20,23,145,12,1183,14,--,372,230,47,129,148,223,20,489,281,35,92,82,2385,126,230,236,1792,799,7,301,64,55,155,153,27,37,2996,2253,327,416,73,0,72
Jun 2008,623,65,308,104,96,14,36,630,77,336,217,693,221,53,225,62,132,946,264,124,393,18,17,120,9,1243,15,--,371,215,60,158,151,246,26,512,288,34,111,79,2450,112,255,214,1870,740,9,252,62,45,153,145,24,51,3233,2332,420,482,75,1,74
Jul 2008,681,64,358,108,103,14,33,560,77,269,213,601,142,40,212,50,157,841,190,133,361,19,20,110,8,1298,15,--,381,245,56,180,164,238,19,590,300,79,130,80,1913,121,238,196,1358,590,13,172,58,38,142,99,28,41,3184,2430,341,413,76,0,76
Aug 2008,682,60,373,111,99,14,24,537,80,244,212,578,132,39,223,51,133,859,169,93,392,15,20,161,8,1268,8,--,347,251,59,159,176,246,22,525,300,32,111,82,1264,133,246,116,769,616,15,199,62,41,142,77,29,51,3106,2370,316,420,79,0,79
Sep 2008,624,58,320,101,96,13,36,520,75,245,201,599,156,42,200,51,150,1106,266,124,487,25,19,174,11,1150,15,--,331,231,54,126,145,223,24,501,283,21,111,85,1227,117,210,155,745,586,15,173,47,37,137,97,28,53,2549,2051,219,278,63,0,62
Oct 2008,609,64,290,104,101,14,36,577,75,260,243,810,290,61,222,43,193,1385,408,166,514,37,19,228,14,1195,13,--,332,238,48,160,142,206,56,543,288,42,129,84,2182,129,247,227,1579,787,13,263,59,62,145,130,24,91,2500,1914,239,346,59,0,59
Nov 2008,674,61,346,110,105,14,37,612,75,282,255,870,357,63,207,58,184,1476,479,164,576,16,25,202,15,1232,14,--,334,221,48,176,143,228,67,469,252,25,111,81,2100,126,211,219,1544,937,14,337,73,72,138,137,32,133,2349,1786,192,371,64,0,64
Dec 2008,668,63,340,110,109,14,32,751,81,384,286,1000,404,78,228,62,230,2064,780,198,701,33,32,294,26,1273,15,--,355,228,49,173,149,231,72,431,234,27,98,72,2576,118,191,265,2002,1057,15,334,74,78,144,166,33,213,2521,1854,238,429,49,0,49
Jan 2009,670,60,356,91,101,11,50,633,69,333,230,854,320,71,213,51,199,1865,651,220,620,31,28,297,17,1278,14,--,385,210,47,179,150,207,86,487,258,41,112,76,2300,143,176,229,1752,1147,12,431,76,113,143,145,32,194,2453,1752,285,415,53,0,53
Feb 2009,633,59,345,84,105,10,30,671,72,357,242,961,355,130,203,55,218,1896,731,218,627,29,21,246,25,1171,11,--,329,202,33,151,155,203,86,415,213,33,97,71,2328,128,163,228,1809,914,12,284,64,65,134,151,28,177,2181,1767,162,252,61,0,60
Mar 2009,627,60,323,109,87,12,36,687,76,356,254,971,315,156,213,51,235,2174,808,275,693,43,45,284,25,1223,10,--,354,240,46,154,154,196,69,476,237,39,121,80,2604,146,177,290,1991,1050,13,274,75,91,162,166,34,235,3073,2119,411,543,66,1,65
Apr 2009,580,65,297,110,69,13,26,789,74,463,251,1006,351,183,194,57,221,2195,809,270,678,67,50,269,53,1201,13,--,338,199,50,165,147,217,71,425,214,38,115,59,2753,140,192,298,2122,943,11,329,64,84,152,148,27,128,3037,2204,416,417,57,1,57
May 2009,585,69,256,113,99,13,34,738,80,396,262,872,263,123,232,44,211,1972,711,237,621,47,44,266,45,1128,7,--,316,228,43,174,156,173,31,504,262,37,119,87,2115,128,191,197,1599,816,15,239,71,64,146,111,31,139,3096,2292,395,409,39,1,38
Jun 2009,627,63,307,105,106,12,34,645,89,330,227,726,197,95,210,46,178,1345,453,193,456,30,25,162,26,1206,7,--,371,240,53,168,113,205,49,461,255,36,90,80,2249,115,213,221,1699,697,15,157,68,48,148,93,29,138,3447,2509,492,446,65,2,63
Jul 2009,641,65,309,110,110,13,34,668,86,330,252,674,156,71,220,53,174,1242,379,169,429,30,28,180,27,1254,11,--,372,233,48,165,163,213,49,519,282,33,123,81,2031,135,226,186,1485,658,16,155,64,45,148,97,30,103,3430,2648,404,378,70,2,68
Aug 2009,696,65,364,102,114,12,38,653,87,323,242,761,204,92,227,56,182,1495,507,224,470,43,37,179,34,1298,14,--,393,242,56,169,162,229,32,540,284,37,133,85,2128,137,211,223,1556,733,17,212,69,30,153,126,30,96,3416,2399,519,497,73,2,71
Sep 2009,640,63,315,102,108,12,40,690,88,331,271,591,149,65,183,47,148,1284,343,159,406,34,42,260,39,1165,11,--,356,257,45,139,124,188,46,501,284,11,127,79,1814,132,208,168,1307,826,14,255,66,59,144,98,60,129,2938,2127,390,421,75,2,73
Oct 2009,628,63,309,99,102,12,43,778,79,381,318,955,327,172,234,58,162,1950,679,305,545,75,44,256,45,1200,10,--,354,246,48,136,149,185,71,508,281,11,132,85,2625,128,206,271,2021,1111,28,317,76,85,110,166,77,252,2862,2037,353,471,51,1,50
Nov 2009,687,64,384,97,105,12,26,825,74,376,376,1169,406,251,242,56,215,2127,776,278,569,77,47,339,42,1201,9,--,362,259,38,121,151,194,67,481,246,11,137,86,2518,132,203,286,1897,1144,20,283,81,140,177,135,44,263,2593,1820,294,479,66,2,65
Dec 2009,684,63,373,107,91,12,38,1002,86,491,426,1292,485,297,252,59,199,2104,742,314,622,68,39,270,49,1318,9,--,410,267,44,173,124,207,86,472,235,36,119,83,2519,122,197,333,1867,1294,27,309,92,93,192,143,65,373,2331,1864,151,316,42,1,42
Jan 2010,675,55,356,88,115,10,51,897,69,408,420,1244,415,296,250,60,223,2066,748,238,577,53,41,324,84,1317,10,--,394,262,45,164,148,202,92,450,219,36,121,74,2651,123,174,266,2088,1104,22,254,72,90,166,157,60,283,2362,1769,212,380,40,1,40
Feb 2010,666,55,357,97,103,11,42,779,58,365,356,959,295,213,233,52,165,1633,665,194,424,52,34,204,60,1138,10,--,350,230,33,154,141,142,79,412,187,37,116,72,2264,120,160,214,1772,874,20,239,64,62,135,95,43,217,2137,1712,144,281,38,1,37
Mar 2010,699,63,380,108,96,12,40,871,69,419,383,1231,462,256,255,57,200,2394,868,372,622,81,48,304,99,1256,9,--,397,267,45,139,138,176,85,461,196,59,131,76,3539,140,170,429,2800,1178,30,308,65,100,196,170,75,235,2965,2002,395,568,59,2,57
Apr 2010,598,66,309,110,75,12,26,833,68,409,355,1470,556,347,255,59,252,2514,926,366,608,77,47,360,130,1272,11,--,358,270,53,150,150,195,86,429,196,39,110,84,3633,133,212,439,2848,1362,27,375,79,112,196,200,72,301,3431,2076,576,779,66,2,64
May 2010,670,68,338,106,103,12,43,778,78,385,315,1215,455,251,260,50,199,2373,789,288,578,95,45,428,150,1225,12,--,346,245,50,164,161,181,66,425,190,37,105,93,3085,130,195,323,2436,1305,37,344,85,92,219,195,74,260,3479,2288,534,657,75,2,73
Jun 2010,688,64,354,110,107,12,41,744,76,351,317,913,280,183,227,61,162,1809,573,288,463,73,31,281,102,1277,13,--,339,260,55,190,151,200,69,451,199,39,125,87,3423,129,221,394,2679,1076,29,273,76,77,207,140,65,208,3752,2560,564,627,77,2,75
Jul 2010,693,61,374,105,98,12,42,713,76,355,282,869,263,143,229,58,176,1613,473,251,438,63,34,258,97,1337,15,--,379,278,53,191,164,207,49,456,213,39,127,77,2651,149,216,293,1994,928,24,213,74,71,183,103,64,196,3774,2673,532,570,73,2,71
Aug 2010,692,65,363,106,110,12,37,699,69,348,281,838,256,116,228,55,183,1939,615,263,490,72,37,342,119,1301,13,--,377,262,55,193,164,204,33,463,208,35,134,86,2433,137,221,292,1784,982,19,219,74,69,206,122,87,187,3658,2473,544,641,94,3,92
Sep 2010,627,59,312,107,100,11,39,836,73,431,332,1191,436,273,223,59,199,2229,761,292,495,92,36,422,132,1285,13,--,356,283,50,184,157,175,66,447,196,39,131,81,2410,134,228,340,1708,1033,21,269,73,68,194,137,66,204,3097,2212,352,533,73,2,71
Oct 2010,635,59,303,113,109,12,39,900,69,451,380,1416,567,364,213,55,216,2446,884,299,582,107,42,401,130,1283,12,--,388,274,49,156,145,146,114,430,176,27,135,92,2645,142,215,329,1958,1220,27,285,105,89,196,146,55,316,2744,1902,327,514,73,2,72
Nov 2010,650,60,320,112,107,12,39,904,71,446,387,1627,667,416,217,67,261,2863,1129,350,664,140,44,401,134,1350,7,--,392,261,50,174,171,205,89,437,191,24,141,81,3703,142,223,439,2900,1453,23,351,119,109,185,187,51,429,2744,1869,306,568,51,1,50
Dec 2010,727,63,386,113,111,12,43,955,73,446,436,1417,486,386,241,67,238,2541,930,258,698,82,55,383,134,1454,12,--,410,290,36,224,183,187,112,447,206,28,128,85,3521,146,234,403,2739,1568,40,425,128,88,203,204,70,410,2681,1914,270,498,47,1,46
Jan 2011,697,47,403,93,98,10,46,750,70,332,348,1327,463,341,249,69,205,2496,824,283,608,97,65,437,183,1430,13,--,404,281,61,200,183,186,102,521,265,41,129,86,2923,139,202,380,2202,1697,24,424,101,150,209,189,50,550,2852,1825,365,662,50,1,49
Feb 2011,627,36,375,66,100,8,41,941,69,474,397,1604,643,413,242,57,249,3160,1002,325,834,110,101,524,264,1303,10,--,351,239,64,181,161,182,114,464,226,42,112,84,3448,126,177,478,2667,1626,45,398,144,108,197,192,80,461,2894,1922,372,601,48,0,48
Mar 2011,716,51,399,106,104,11,45,950,79,467,404,1536,621,401,224,63,227,2792,887,333,694,112,95,436,234,1343,12,--,387,245,65,179,158,185,112,488,233,42,132,82,3741,140,205,560,2837,1753,50,405,195,84,214,217,94,494,3244,2236,367,641,86,2,84
Apr 2011,544,59,302,103,50,11,19,940,64,480,395,1790,778,455,234,70,254,3169,1074,362,769,150,106,445,263,1352,14,--,375,233,77,175,171,192,114,498,241,38,131,89,4058,139,188,558,3173,1816,55,480,179,112,216,256,76,442,3900,2475,564,861,58,1,57
May 2011,568,61,317,97,62,11,20,748,83,352,313,1421,589,299,237,55,242,3390,1146,361,850,117,108,526,283,1269,14,--,388,259,55,168,177,157,50,454,237,37,91,89,4098,129,170,570,3229,1773,49,529,165,102,220,243,90,374,3839,2655,503,681,78,1,77
Jun 2011,674,58,385,99,88,11,33,739,85,359,295,1234,472,234,240,65,223,2643,871,364,624,105,91,382,208,1388,14,--,372,285,62,202,187,202,63,479,245,35,118,81,4437,146,225,577,3489,1567,54,444,172,84,211,212,102,290,4041,2647,618,777,82,1,81
Jul 2011,718,58,395,106,103,11,44,716,88,344,285,914,298,110,243,77,185,1718,499,239,426,64,69,273,149,1423,16,--,404,276,61,228,189,203,46,497,246,39,139,73,2933,151,210,361,2212,1219,35,325,158,76,198,127,85,214,3780,2588,524,669,81,2,79
Aug 2011,719,59,393,105,105,11,47,711,85,330,295,915,288,116,252,74,185,1621,430,211,413,53,58,298,157,1452,14,--,404,275,69,220,194,207,69,502,248,29,137,87,2795,140,202,366,2088,1216,33,365,134,59,203,106,92,223,4029,2646,640,743,94,2,92
Sep 2011,658,53,364,103,92,11,35,682,85,329,268,1171,463,193,223,86,206,1937,579,223,495,74,64,361,142,1350,14,--,367,276,60,210,177,185,61,455,223,14,132,86,2549,140,209,371,1829,1136,32,345,113,73,186,129,53,203,3040,2163,332,545,70,1,69
Oct 2011,639,59,332,109,104,12,24,840,87,425,328,1407,564,275,257,67,244,3288,1114,361,871,111,102,476,253,1344,9,--,395,257,75,181,162,141,123,435,194,36,131,73,3699,131,224,529,2816,1653,38,521,173,113,186,177,71,375,3163,2068,436,659,82,1,81
Nov 2011,713,58,413,106,88,11,37,958,72,507,379,2105,960,463,289,119,274,3679,1265,390,934,144,129,542,275,1409,14,--,410,264,86,189,166,156,125,491,224,41,131,95,4009,144,212,657,2996,1982,60,562,195,138,195,222,100,511,3157,2010,487,660,86,2,84
Dec 2011,743,61,415,115,96,12,43,975,89,496,390,1727,725,323,274,134,271,3431,1179,329,887,103,128,548,257,1558,13,--,415,297,87,212,204,198,133,494,236,41,123,94,3521,143,220,512,2646,1868,56,569,164,164,202,172,65,476,2788,1989,283,516,81,2,79
Jan 2012,724,53,407,99,112,8,45,1128,103,576,448,2214,942,440,315,180,337,4036,1505,421,1023,139,137,580,232,1586,15,--,378,276,97,218,216,184,202,473,243,41,125,64,4285,138,205,732,3210,2247,77,636,223,163,194,252,69,632,3164,1990,479,695,47,NM,46
Feb 2012,704,50,394,101,114,8,37,944,101,466,378,1677,660,330,281,149,258,3060,1155,331,775,117,109,390,182,1424,11,--,363,248,80,205,198,173,148,474,244,33,135,63,3614,137,185,566,2726,1726,77,551,160,87,187,236,72,357,3311,2108,539,664,62,2,60
Mar 2012,722,60,395,110,111,9,38,1001,108,484,409,2109,920,399,291,190,309,3717,1380,393,908,140,120,541,234,1402,13,--,401,230,59,201,170,191,137,422,209,9,136,68,4609,133,186,787,3503,2125,98,568,241,130,204,248,133,503,4016,2435,666,915,77,2,75
Apr 2012,616,56,310,105,105,8,32,963,110,452,401,1984,834,414,288,167,283,3640,1304,363,956,114,110,562,231,1375,9,--,373,245,72,203,199,143,131,408,224,10,121,54,4070,141,167,663,3099,1797,94,568,184,94,206,219,85,347,3631,2359,560,713,79,2,76
May 2012,615,60,292,108,114,9,33,748,116,347,286,1604,693,241,297,113,260,3624,1332,429,933,121,109,481,218,1372,13,--,378,279,61,199,171,211,60,481,236,38,135,72,4042,141,168,756,2978,1790,171,450,190,98,236,227,113,304,4526,3039,695,791,96,2,93
Jun 2012,697,58,377,107,116,9,31,857,119,395,344,1526,634,213,294,130,255,3123,1077,471,774,107,108,399,187,1410,12,--,365,276,78,225,154,209,91,452,236,36,112,68,3775,128,186,710,2752,1870,174,514,180,110,254,220,125,294,4679,3102,764,812,79,2,77
Jul 2012,726,59,401,109,108,9,40,750,118,330,302,1137,376,146,300,113,202,2166,657,360,567,70,87,271,153,1509,15,--,402,294,75,244,177,216,86,485,243,40,134,69,3214,138,197,597,2281,1433,163,371,157,57,266,158,88,174,4202,2809,795,598,105,3,102
Aug 2012,732,57,399,106,115,9,46,730,114,336,280,1080,334,126,299,94,227,2270,727,332,599,67,90,311,145,1406,10,--,374,280,66,247,171,217,42,464,241,19,128,76,2888,141,202,484,2061,1534,168,455,170,58,265,148,70,201,4143,2777,721,645,83,2,81
Sep 2012,713,54,406,107,113,8,24,807,113,389,305,1329,499,190,279,118,242,2627,898,326,688,69,85,399,162,1346,9,--,342,267,64,205,184,209,66,460,244,19,125,73,3207,132,219,547,2310,1416,168,369,146,54,273,160,64,184,3406,2442,505,459,89,5,84
Oct 2012,725,51,422,113,114,9,17,963,99,456,408,2007,824,360,355,181,287,3887,1376,466,1013,119,119,559,234,1421,8,--,384,280,74,246,152,178,99,419,185,31,127,76,4087,133,232,828,2894,2009,182,503,214,121,287,229,74,399,3633,2484,484,666,73,6,68
Nov 2012,745,55,397,101,125,9,58,900,82,423,395,1665,654,268,338,123,281,3909,1427,669,950,121,125,410,206,1450,9,--,351,290,80,229,173,217,101,456,227,29,126,74,4047,145,243,865,2794,2103,153,516,233,127,295,208,91,481,2852,2032,342,478,90,NM,84
Dec 2012,838,52,466,111,135,8,66,1140,97,538,504,2335,1004,421,449,179,282,3671,1346,690,827,114,147,376,170,1633,8,--,413,314,92,283,179,212,134,459,244,29,106,80,4791,154,241,987,3409,2626,173,691,417,164,302,271,116,493,3824,2389,657,778,84,7,77
Jan 2013,823,51,442,107,152,0,69,1260,99,601,560,2787,1242,476,516,218,336,4593,1680,732,1039,127,157,598,260,1613,8,--,412,309,85,234,181,208,175,479,255,24,106,94,4120,151,236,917,2817,2375,138,691,208,206,302,216,57,556,3394,2175,560,659,74,11,64
Feb 2013,747,45,405,98,140,0,59,1035,93,423,519,2133,934,300,442,174,283,3775,1396,691,807,126,148,395,213,1484,8,--,363,265,87,230,178,200,154,443,235,25,95,88,4360,135,229,858,3138,2396,167,736,265,189,294,242,61,442,3842,2283,742,816,115,19,96
Mar 2013,838,56,438,126,147,0,71,1210,122,493,595,2369,1059,368,486,179,278,4062,1431,794,892,125,165,426,230,1587,9,--,398,277,88,260,190,190,174,472,231,29,130,82,5382,127,227,1034,3995,2429,204,715,298,140,325,267,72,407,4382,2887,680,814,79,11,68
Apr 2013,665,56,316,118,129,0,45,1255,132,575,548,2598,1130,433,531,173,331,4358,1477,891,921,116,163,518,272,1493,8,--,397,305,75,230,190,148,141,429,221,26,112,70,5400,130,206,1157,3907,2367,223,582,352,164,325,259,59,404,5301,3234,1040,1028,93,12,81
May 2013,709,59,327,115,142,0,66,1087,127,481,479,2074,824,339,456,172,282,4266,1455,874,896,108,161,536,236,1661,10,--,399,354,81,254,186,243,135,482,232,26,130,93,5599,139,247,1101,4113,2209,246,602,269,132,331,248,73,308,5059,3575,762,722,107,15,92
Jun 2013,795,55,419,113,136,14,58,949,125,418,406,1577,649,221,385,114,208,3431,1107,821,687,98,123,393,201,1557,10,--,386,313,73,261,192,246,78,501,248,23,134,96,4925,144,224,1034,3525,2125,254,620,242,110,312,223,103,262,4956,3553,745,657,138,23,115
Jul 2013,785,54,422,119,132,5,53,825,131,364,330,1329,456,167,366,123,217,2811,883,640,648,64,108,312,157,1581,9,--,395,343,72,272,188,246,55,509,262,22,131,95,3735,140,239,804,2552,1776,224,536,232,88,283,161,87,165,5107,3422,955,730,134,21,113
Aug 2013,808,58,423,123,139,0,65,856,128,388,340,1193,369,125,371,115,212,2413,694,603,522,57,114,274,150,1584,9,--,371,338,72,268,200,268,58,549,273,41,136,99,3432,142,230,712,2348,1625,224,412,240,57,288,147,86,170,4787,3433,728,626,135,22,112
Sep 2013,787,51,415,122,136,3,60,893,127,411,354,1527,568,191,411,146,210,3687,1183,869,768,84,156,427,202,1438,9,--,361,293,62,237,156,268,52,480,254,8,131,87,3316,128,238,799,2150,2017,249,572,277,85,288,174,88,285,4715,3223,747,746,131,20,111
Oct 2013,782,54,390,137,135,10,56,1092,130,522,440,2010,798,332,466,155,260,4202,1355,998,811,109,175,497,256,1536,9,--,370,333,75,242,177,271,58,438,204,21,108,105,4722,115,258,1157,3192,2402,337,692,240,129,323,236,79,366,3764,2807,443,514,108,15,93
Nov 2013,894,56,466,133,161,8,71,1373,118,650,606,2877,1268,489,579,222,319,4906,1768,850,1069,129,216,590,284,1693,9,--,384,349,89,227,194,284,158,481,228,41,116,95,4584,124,209,1071,3179,2426,228,647,305,198,307,196,83,461,3692,2471,557,665,104,15,89
Dec 2013,851,56,430,138,147,10,70,1253,114,562,577,2414,987,447,506,217,257,3908,1298,729,811,99,185,559,227,1795,9,--,422,360,82,240,195,333,153,498,232,40,120,106,4078,126,243,864,2844,2689,239,730,224,261,313,230,84,608,4034,2513,676,845,107,15,92
Jan 2014,904,64,439,131,173,17,79,1345,99,641,606,3083,1373,451,661,255,343,5547,1876,1043,1248,149,231,743,258,1884,11,--,455,361,87,269,214,320,166,510,246,44,120,99,5641,119,251,1205,4067,2886,241,827,262,260,328,266,83,618,3606,2447,556,603,87,11,76
Feb 2014,786,51,382,116,151,13,73,1151,106,547,498,2230,900,282,571,171,306,4249,1345,782,1040,91,173,619,200,1699,10,--,402,316,70,288,192,275,146,461,214,40,117,90,3927,120,210,773,2825,2474,248,580,380,173,304,216,118,456,3960,2622,646,692,63,7,56
Mar 2014,920,68,430,144,172,21,84,1355,126,612,617,2613,1125,358,610,208,312,5118,1759,1128,1107,138,216,554,216,1852,12,--,463,353,97,263,202,295,168,507,227,42,140,99,5504,132,208,1209,3953,2858,337,723,358,175,356,276,125,509,5020,3365,757,898,104,15,89
Apr 2014,756,53,341,144,136,20,62,1390,137,633,620,2695,1159,428,578,217,314,5237,1786,1144,1149,134,229,575,221,1721,11,--,431,320,88,256,223,247,144,486,230,39,116,101,5808,129,229,1280,4171,2815,361,787,352,189,334,279,100,412,5418,3670,824,924,149,24,126
May 2014,746,73,310,149,151,20,43,1060,137,499,425,2254,932,346,531,185,259,3988,1286,804,876,100,230,499,192,1733,12,--,400,376,78,255,227,283,101,504,258,44,106,96,5035,124,244,978,3689,2372,421,633,264,99,349,227,120,258,6021,4278,870,873,108,15,93
Jun 2014,781,64,343,141,152,20,61,914,144,393,377,1766,682,239,474,142,230,3619,1051,919,780,92,206,421,150,1806,11,--,414,367,75,293,228,355,63,486,233,36,132,86,5883,123,230,1124,4406,2467,423,608,292,127,337,291,117,271,6590,4569,1120,901,151,25,127
Jul 2014,831,57,378,151,165,21,59,1015,142,464,409,1593,561,214,455,130,233,3294,940,776,782,75,190,375,155,1838,11,--,416,373,73,346,188,354,76,526,242,40,142,102,4183,135,244,811,2993,1946,360,453,245,101,314,192,103,177,5653,4084,862,707,164,26,138
Aug 2014,782,67,340,150,150,20,55,947,146,410,391,1274,413,146,397,115,203,2322,565,736,446,60,131,283,101,1814,11,--,435,374,77,290,193,369,65,528,240,42,140,106,3899,130,243,810,2716,1820,330,408,187,103,335,169,98,191,5501,4053,776,672,134,22,112
Sep 2014,798,61,353,153,158,16,57,984,138,450,396,1490,502,204,467,109,208,3597,999,845,806,70,231,462,185,1687,10,--,397,333,76,288,213,302,67,449,230,10,125,85,3720,107,233,905,2474,2085,336,548,254,109,342,192,85,218,4985,3642,668,675,99,14,85
Oct 2014,856,65,348,163,184,17,80,1238,127,577,533,2237,879,370,599,135,254,4556,1505,817,986,111,285,635,217,1829,12,--,417,353,84,270,178,362,154,477,215,36,132,94,4408,129,224,931,3124,2469,303,665,290,203,348,212,92,357,4522,3375,505,643,126,20,107
Nov 2014,929,75,412,153,194,20,74,1401,119,682,599,3061,1320,546,688,181,326,5760,2005,1080,1237,144,380,664,250,1775,10,--,414,373,91,216,185,330,157,451,204,40,122,85,5768,136,225,1217,4189,2920,282,837,311,238,364,272,109,506,4624,3061,755,808,119,19,100
Dec 2014,868,71,414,135,165,21,62,1262,114,538,609,2353,854,403,644,178,273,4245,1458,830,1001,91,299,375,191,1865,10,--,429,383,94,242,198,361,149,490,240,35,117,98,4905,145,238,1032,3490,2482,196,680,282,209,356,220,106,432,4037,2750,576,712,116,17,98
Jan 2015,958,65,464,145,183,22,80,1384,117,674,593,2669,1035,451,714,195,273,5228,1843,927,1089,126,334,665,244,1931,9,--,440,403,95,248,207,370,158,563,294,45,128,96,4602,130,221,1083,3168,2436,189,784,181,260,343,159,79,443,3279,2469,346,464,70,9,61
Feb 2015,853,54,413,120,166,19,81,1100,102,509,488,2453,968,450,602,172,260,4490,1594,829,1011,101,288,475,193,1701,8,--,390,332,85,245,187,317,137,505,264,39,118,85,4880,126,210,1107,3436,2397,265,651,259,169,382,192,82,398,4095,2930,527,637,90,13,76
Mar 2015,933,66,443,140,174,21,89,1374,118,629,627,2653,1041,471,676,177,288,4916,1676,833,1086,105,288,702,226,1931,10,--,430,398,100,307,186,318,182,496,269,41,95,91,3958,116,210,966,2666,2660,339,714,279,240,441,198,92,357,4922,3652,532,737,101,15,86
Apr 2015,803,53,353,162,156,19,59,1273,134,576,563,2714,1126,478,630,195,285,5029,1628,1002,1108,111,287,658,235,1812,11,--,432,386,95,295,163,293,138,526,262,42,134,88,5827,117,218,1257,4234,2660,418,698,280,148,465,288,98,264,5706,4095,757,854,146,23,122
May 2015,775,71,276,161,188,21,58,1063,148,515,401,2438,945,421,618,170,285,4733,1630,921,1035,95,266,573,213,1872,12,--,435,402,79,344,201,324,75,537,280,42,114,101,6025,125,221,1167,4511,2435,425,659,212,103,445,251,100,240,6165,4738,734,693,139,22,117
Jun 2015,759,67,296,157,159,22,58,986,141,421,423,1703,565,325,453,153,208,3161,918,818,663,72,192,340,158,2016,12,4,436,432,92,350,202,385,104,513,258,40,129,86,5065,120,226,1142,3578,2004,414,457,195,83,406,191,99,159,6238,4786,760,692,117,18,99
Jul 2015,823,71,328,158,179,21,65,899,153,397,349,1479,453,234,458,124,210,2958,812,743,608,56,175,404,159,2138,13,5,489,446,79,416,215,410,66,563,291,36,138,97,5772,130,238,1165,4240,2137,398,476,207,134,427,176,113,206,6557,4671,928,958,128,19,109
Aug 2015,830,72,343,165,161,21,68,910,159,409,342,1547,499,220,468,118,242,3341,1032,703,758,56,222,386,185,2009,12,4,434,429,65,383,214,423,45,559,289,32,136,101,4729,113,234,979,3403,2239,418,589,217,118,412,187,95,202,6521,4770,852,899,136,18,118
Sep 2015,803,72,348,155,165,15,49,883,143,377,363,1793,679,270,497,131,215,4266,1365,995,826,97,277,500,207,1808,10,4,405,393,78,310,202,336,71,496,251,18,134,94,5285,103,237,1322,3623,2242,349,502,251,143,430,198,109,259,4937,3580,636,721,132,20,113
Oct 2015,850,69,360,165,159,16,81,1251,144,589,518,3012,1219,568,737,203,283,4970,1715,884,1052,97,275,702,245,1787,11,5,412,378,93,309,155,301,122,517,269,26,130,93,5221,119,222,1091,3789,2411,319,693,244,167,416,207,80,284,4585,3273,550,763,104,15,89
Nov 2015,906,65,423,155,169,18,75,1318,123,613,582,3291,1426,603,735,211,316,5800,2066,1158,1279,137,325,584,251,1926,10,5,411,408,103,341,170,331,147,546,273,46,133,94,6821,127,225,1617,4852,2782,322,682,284,211,474,267,98,445,4533,3108,645,779,142,23,119
Dec 2015,914,79,402,150,189,20,74,1292,112,610,570,3191,1367,625,695,209,295,5327,1852,1250,1073,127,322,520,182,2088,11,5,431,456,104,414,192,337,137,542,290,35,118,99,7006,117,241,1473,5175,3237,279,903,338,209,462,419,125,501,4876,3323,684,869,129,20,109
Jan 2016,957,80,434,143,198,20,82,1438,140,666,632,3237,1315,701,723,226,272,5082,1755,1066,997,112,317,561,274,2100,8,5,422,417,105,372,224,380,166,545,280,44,134,86,6438,116,268,1455,4598,2965,277,810,276,199,459,344,103,497,3847,2813,426,608,70,7,63
Feb 2016,938,69,422,169,178,18,82,1329,124,612,593,2984,1190,625,681,205,282,5581,1916,1308,1060,132,317,550,299,1988,8,4,409,390,101,368,193,349,164,537,276,40,131,89,7453,128,232,1793,5299,3495,318,1039,296,265,552,370,98,558,4353,3075,485,793,81,10,71
Mar 2016,908,79,394,159,182,20,75,1315,158,582,575,2789,1144,564,622,196,263,5883,1874,1428,1035,130,354,723,338,2115,10,4,413,400,108,531,187,327,134,532,270,42,133,87,8208,130,220,2021,5838,3524,377,988,351,225,556,431,161,435,5706,4015,710,981,105,13,92
Apr 2016,746,64,332,161,116,17,56,1069,164,435,470,2560,1072,507,528,182,271,6623,2359,1304,1224,145,396,812,383,2035,10,5,419,377,110,526,172,295,120,453,219,40,115,79,6997,107,217,1762,4912,3117,405,911,306,164,552,364,116,300,5921,4184,883,855,145,22,123
May 2016,818,76,314,183,165,21,60,982,150,432,401,2314,903,464,528,153,265,4527,1351,1108,801,79,273,635,280,2034,10,5,428,422,100,501,204,290,74,518,291,26,110,92,7439,93,242,1736,5367,3111,484,792,254,142,613,397,166,261,6845,4989,934,922,124,17,107
Jun 2016,860,75,348,163,173,20,81,1079,181,479,419,1802,637,334,488,138,205,4387,1330,988,788,83,269,641,288,2148,10,4,382,453,111,545,202,349,92,560,297,42,140,81,5721,106,243,1405,3967,2729,460,611,258,152,578,249,214,207,6802,4983,880,938,148,22,126
Jul 2016,875,78,342,180,184,20,69,979,171,437,370,1515,451,226,504,119,215,3794,1005,1081,665,77,225,506,235,2206,10,4,401,477,99,538,215,393,69,567,297,43,139,89,8016,116,245,1756,5899,3042,477,692,253,126,608,346,276,264,7237,5399,916,922,141,20,121
Aug 2016,885,79,359,183,185,22,58,963,172,427,365,1289,365,207,431,107,179,3343,817,890,603,71,219,522,222,2329,11,4,400,489,90,664,216,397,57,561,297,44,132,88,5584,120,254,1266,3945,2677,370,635,204,114,598,264,274,218,6667,5163,751,753,167,23,144
Sep 2016,837,80,320,184,171,21,61,908,150,395,363,1879,725,298,531,118,208,5099,1579,1143,990,102,303,676,305,2142,10,4,372,481,94,534,207,373,67,516,279,40,108,90,5990,112,226,1524,4129,3023,369,824,145,170,613,346,282,276,5988,4405,722,860,146,20,126
Oct 2016,820,65,321,172,175,18,67,1193,153,531,509,2477,992,513,590,159,224,5830,1818,1401,1085,115,345,731,334,1960,11,4,368,477,115,406,175,274,130,520,271,35,133,81,8121,112,254,2096,5660,3336,370,880,221,152,593,426,265,429,5328,4015,529,784,165,24,141
Nov 2016,882,74,367,163,192,20,66,1298,142,578,578,2831,1139,531,706,187,268,6042,2075,1227,1140,118,340,800,342,2108,11,4,397,529,118,433,193,287,135,562,302,42,124,95,6873,126,256,1750,4741,3390,307,1000,290,206,583,397,226,381,4679,3352,548,779,154,22,133
Dec 2016,1047,74,501,170,202,29,71,1552,135,751,667,3281,1247,589,868,242,335,7227,2445,1227,1448,132,543,1019,414,2524,13,5,457,542,130,564,192,398,222,546,288,39,125,94,7813,131,221,1872,5590,3706,310,941,359,245,571,454,264,563,4773,3319,598,855,114,14,100
Jan 2017,1006,73,489,154,185,31,73,1210,122,558,530,2891,1184,526,668,231,280,6055,1749,1412,1128,156,442,914,252,2411,9,5,503,523,108,524,211,379,149,549,288,43,125,93,8415,128,226,1974,6087,3259,306,893,296,201,516,401,245,400,4015,3255,311,449,119,15,104
Feb 2017,972,57,474,156,177,29,78,1233,140,571,523,3051,1323,541,678,235,274,6800,2191,1431,1316,186,475,928,273,2390,10,4,453,541,113,601,199,334,137,502,269,39,105,90,8459,112,198,2105,6045,3259,346,869,287,197,497,411,260,392,4175,3147,425,603,123,14,109
Mar 2017,1066,60,505,185,201,35,81,1382,164,623,595,3259,1368,585,770,246,291,7781,2446,1894,1356,200,500,1080,305,2649,11,5,505,553,120,714,208,350,183,514,254,35,125,101,10235,117,222,2478,7419,3962,548,978,327,208,677,477,334,413,5945,4491,633,821,141,19,123
Apr 2017,863,66,396,181,126,29,64,1305,155,607,543,3178,1350,577,748,222,281,7259,2108,1958,1204,197,473,1033,286,2661,10,4,524,577,124,727,193,328,174,535,274,46,123,91,9937,120,224,2328,7265,4121,576,1018,339,207,703,527,342,409,6520,4782,807,931,135,18,118
May 2017,873,69,360,195,163,29,57,1252,155,566,531,2795,1149,501,692,210,244,6573,1892,1664,1137,181,443,998,258,2771,11,4,515,604,121,818,212,323,162,555,308,46,119,82,8941,117,242,1905,6677,4133,616,969,330,198,735,532,361,391,7165,5809,667,689,136,17,119
Jun 2017,924,72,361,211,177,32,69,1209,178,544,487,2461,999,424,606,199,234,5743,1573,1515,995,162,385,891,223,2618,10,2,443,586,110,752,214,369,132,587,314,43,138,91,7522,128,219,1962,5214,3758,671,755,287,151,731,486,381,295,7831,6060,863,909,122,15,107
Jul 2017,889,79,344,202,160,29,74,1107,187,480,440,1507,520,250,430,137,169,4100,889,1200,754,121,296,679,162,2784,10,5,455,678,114,814,218,387,103,619,336,44,148,91,6747,125,243,1496,4884,3075,429,601,251,125,715,418,294,244,7643,5646,985,1013,117,13,104
Aug 2017,919,76,368,213,164,26,72,1047,192,448,408,1407,457,240,411,128,171,3462,834,927,667,100,251,550,133,2668,10,2,456,674,97,745,216,391,77,608,331,45,136,97,5431,122,250,1011,4049,3345,520,723,260,136,741,388,312,265,7184,5680,722,782,115,11,103
Sep 2017,849,70,354,191,146,28,60,1085,173,458,454,1614,568,295,435,133,183,5701,1451,1558,1026,149,405,887,225,2436,9,2,430,579,112,739,211,250,103,572,304,44,129,95,7278,116,228,1874,5060,3329,535,677,239,141,698,462,301,275,6312,5024,596,692,121,14,107
Oct 2017,890,61,390,175,161,28,76,1296,142,615,538,3048,1222,580,725,210,310,7623,2246,1802,1362,208,519,1190,295,2511,10,5,484,567,120,711,187,280,147,564,282,46,151,85,9294,125,230,2597,6342,4067,510,1017,322,211,685,604,303,416,5838,4339,694,805,132,18,115
Nov 2017,984,83,472,162,169,34,64,1245,141,583,521,3300,1302,640,792,227,340,7083,2097,1585,1342,280,468,1045,266,2559,9,4,523,580,113,642,192,343,153,559,325,41,119,73,8598,128,226,2068,6176,3517,321,906,295,202,569,569,258,398,4392,3223,503,665,123,16,106
Dec 2017,1074,76,528,158,191,35,85,1209,127,553,528,3415,1352,681,793,244,345,7485,2111,1715,1379,293,539,1165,283,2642,9,5,595,543,112,610,219,388,163,603,323,42,145,92,8107,129,234,2133,5610,3662,304,1029,321,214,592,543,237,422,3925,3087,371,466,124,16,108
Jan 2018,1111,66,556,167,191,34,98,1382,144,627,611,4043,1575,821,996,294,357,7876,2474,1766,1340,312,570,1125,289,2891,9,4,644,578,117,707,226,423,185,579,304,32,146,97,10030,129,213,2744,6943,3485,336,925,313,181,550,602,219,358,4237,3149,462,627,128,19,109
Feb 2018,969,65,453,163,172,32,83,1305,130,599,576,3034,1236,559,731,224,283,6441,1711,1554,1186,249,469,1034,238,2610,9,5,595,512,109,633,222,365,160,520,293,31,111,85,8960,129,186,2293,6352,3438,366,802,297,172,596,636,236,332,5928,4026,898,1004,107,17,90
Mar 2018,1117,70,524,208,184,37,94,1170,172,504,495,3386,1327,686,799,262,312,7494,2150,1949,1340,322,533,919,280,3139,11,6,701,599,129,811,256,448,181,590,320,44,123,102,10754,146,232,2782,7594,4308,470,1102,369,219,706,717,308,419,6172,4515,765,892,127,20,107
Apr 2018,887,65,382,208,128,35,69,1250,173,559,518,2841,1139,538,671,223,271,7256,2116,1828,1202,295,497,1050,268,3116,11,5,656,588,144,915,232,383,181,562,267,45,165,86,11050,141,218,2853,7837,4547,552,1101,378,221,755,800,317,423,6864,5035,870,960,130,20,111
May 2018,850,67,337,235,124,29,58,1187,186,525,475,2496,905,499,645,206,242,5585,1526,1457,1023,208,402,764,204,3128,9,5,608,612,132,903,254,459,146,656,346,42,171,96,10892,143,198,2426,8125,4106,660,827,320,166,805,665,348,314,8251,6442,936,873,117,18,100
Jun 2018,917,77,365,229,151,30,65,1056,197,464,395,1877,657,346,514,163,198,6510,1714,1879,1161,268,479,764,245,3198,10,4,625,636,145,904,257,473,144,659,349,43,158,108,11341,134,209,2779,8219,4413,660,936,349,185,862,682,391,348,8509,6520,1055,934,128,18,110
Jul 2018,954,84,367,246,155,32,70,1076,204,466,407,1721,608,299,479,141,195,4089,1032,921,883,153,318,638,143,3129,10,5,619,663,119,896,259,471,88,681,357,40,173,111,6731,140,233,1187,5172,3778,584,862,299,147,798,476,334,278,7809,5922,978,909,102,13,90
Aug 2018,859,80,329,220,130,31,70,1064,193,465,406,1783,611,328,502,140,202,4871,1237,1379,849,218,367,638,182,3165,10,4,628,647,131,912,256,467,110,654,340,34,166,114,8939,137,214,2115,6473,3820,593,841,275,153,806,514,350,288,8027,6031,1014,982,114,15,100
Sep 2018,837,74,372,172,125,33,62,1011,148,457,405,1914,717,333,501,168,195,6212,1686,1566,1107,245,476,902,230,2625,9,4,594,592,111,638,206,365,106,596,328,28,132,108,6759,91,219,1902,4548,3779,568,818,284,155,781,541,339,293,6843,5448,684,711,103,14,90
Oct 2018,943,66,455,184,120,33,85,1269,147,589,533,3071,1213,578,750,248,283,6251,1733,1407,1120,246,473,1032,240,2812,10,5,634,551,127,757,212,369,147,612,303,44,154,110,8181,118,236,1895,5932,3532,428,812,290,181,674,574,263,309,5609,4596,471,542,115,15,100
Nov 2018,922,66,455,160,133,36,72,1247,123,587,538,2932,1103,555,738,244,291,6350,1963,1473,1095,259,470,847,244,2590,9,4,602,491,112,630,206,378,158,560,298,41,132,90,8937,117,211,2185,6424,3583,385,835,306,215,613,649,241,340,4843,3600,579,663,112,16,97
Dec 2018,1032,95,464,176,181,36,81,1263,132,596,535,3278,1301,646,781,264,286,7300,2214,1800,1094,284,615,1020,274,2517,9,5,589,527,113,558,217,335,165,560,299,44,134,83,9829,143,239,2569,6878,3689,287,1110,306,213,600,618,198,356,4480,3350,522,607,118,17,101
Jan 2019,1039,61,487,173,187,40,91,1320,141,649,530,3700,1511,717,834,310,330,7005,2222,1604,1176,261,534,986,223,2765,9,5,642,548,107,684,234,379,157,564,308,42,124,90,10065,140,217,2415,7293,3707,348,1017,298,224,627,619,209,365,4145,3303,390,451,98,15,83
Feb 2019,1005,66,484,170,160,39,87,1207,142,597,468,3241,1344,651,715,252,279,5849,1762,1420,958,229,499,792,189,2508,8,5,612,480,92,648,222,307,133,535,293,37,113,92,9340,126,190,2036,6989,3670,342,927,289,195,625,681,248,364,4841,3905,433,503,93,15,79
Mar 2019,1059,77,476,212,161,44,88,1360,169,668,522,3688,1534,719,837,282,317,8085,2613,1876,1265,304,678,1090,258,3194,11,5,744,603,119,925,249,393,145,581,323,36,121,101,9913,145,186,2466,7117,4137,502,1036,313,195,780,668,277,366,5807,4836,461,510,111,16,95
Apr 2019,939,71,417,217,112,39,83,1280,172,607,501,3920,1664,781,872,280,324,8151,2876,1957,1072,306,697,983,260,3234,11,5,752,599,132,944,247,378,165,534,257,12,149,115,11469,139,170,2781,8379,4462,591,1142,334,217,772,714,299,394,7133,5432,833,868,115,17,98
May 2019,835,83,330,203,113,34,72,1083,176,505,402,2913,1177,570,665,233,268,6801,2097,1572,1195,240,585,900,211,3500,11,5,797,673,139,1021,264,443,146,583,308,25,133,117,11016,141,143,2455,8277,4379,612,1002,330,193,826,734,315,366,7677,6006,840,831,109,16,94
Jun 2019,811,80,318,211,108,38,56,1164,193,556,415,2637,1076,501,605,223,233,5772,1666,1480,986,215,491,755,180,3354,11,5,716,682,125,1008,250,423,133,593,296,42,150,105,9242,143,179,2036,6884,4316,677,931,312,183,854,677,346,336,8499,6375,1126,998,98,13,85
Jul 2019,881,81,313,241,126,36,84,1045,211,482,353,1927,715,342,497,171,203,5743,1649,1659,899,213,498,642,183,3518,11,6,724,714,128,1061,288,486,101,665,359,34,159,113,9865,151,194,2183,7338,4346,605,1044,317,176,870,644,345,344,8633,6568,1104,961,101,14,87
Aug 2019,852,84,293,223,134,34,83,1049,197,492,360,1723,603,310,459,164,187,4892,1199,1346,833,169,420,775,150,3328,10,6,690,688,118,999,279,446,92,672,344,43,162,122,9493,133,189,2049,7122,4202,648,940,295,166,878,624,339,313,8115,6326,945,844,96,13,83
Sep 2019,852,81,331,216,112,34,78,1036,174,497,365,2251,937,410,524,161,220,7814,2252,2211,1195,285,655,969,247,3232,10,5,718,652,119,911,274,431,112,616,302,29,160,125,10009,129,208,2651,7020,4487,546,1168,318,214,832,707,317,386,7030,5435,813,783,111,15,95
Oct 2019,826,66,351,186,115,42,66,1202,148,603,451,3188,1330,624,702,249,283,8866,2704,2093,1439,297,779,1279,275,2984,10,5,712,607,117,814,228,345,147,612,318,40,146,107,11398,106,194,3169,7929,4371,555,1045,321,223,793,763,301,372,5929,4629,649,651,118,17,101
Nov 2019,961,76,452,172,147,44,70,1151,142,586,424,3095,1276,596,702,242,280,8321,2751,2012,1255,260,757,991,295,2796,9,6,601,621,107,754,241,313,145,619,328,42,155,95,10130,93,185,2477,7375,3868,345,1023,306,214,651,748,209,371,4144,3222,451,471,109,15,94
Dec 2019,1036,74,498,155,173,43,93,1335,119,685,531,4051,1768,781,871,305,326,8244,2745,1967,1127,298,735,1051,321,2940,9,6,642,669,102,755,250,351,156,587,304,36,145,101,10678,101,193,2660,7724,3665,292,959,289,223,595,759,182,365,3624,2885,345,393,109,16,93
Jan 2020,918,81,395,172,150,48,72,1312,139,590,583,3445,1401,683,803,286,271,7735,2426,1881,1053,258,732,1046,338,3121,10,6,739,677,101,759,260,367,201,589,307,41,139,103,11430,98,188,2694,8450,4630,404,1325,337,290,667,801,223,584,5417,3596,749,1072,110,14,96
Feb 2020,885,72,398,181,114,47,74,1244,137,602,504,3654,1570,649,870,273,291,8910,2943,1928,1378,267,775,1186,434,3098,10,6,733,681,98,765,256,365,186,586,304,44,139,100,11145,100,190,2608,8247,4556,454,1089,411,301,773,743,273,512,6343,4161,1090,1092,113,15,98
